{"cameraMode":{"drawMode":0,"name":"Shaded","section":"Shading Mode"},"sceneLighting":true,"audioPlay":false,"sceneViewState":{"showFog":true,"showMaterialUpdate":false,"showSkybox":true,"showFlares":true,"showImageEffects":true,"showParticleSystems":true},"in2DMode":false,"pivot":{"x":0.05995607376098633,"y":0.8455338478088379,"z":4.455867767333984},"rotation":{"x":0.07759644836187363,"y":0.21218691766262055,"z":-0.016904544085264207,"w":0.9739968180656433},"size":12.348085403442383,"orthographic":false}